filename,class_label,class_name,x_center,y_center,width,height
Figura 1.txt,0,VP,0.13522012578616352,0.20860927152317882,0.07756813417190776,0.09933774834437085
Figura 1.txt,2,FP,0.19811320754716982,0.5198675496688742,0.13626834381551362,0.2185430463576159
Figura 1.txt,1,VN,0.4727463312368973,0.30629139072847683,0.1488469601677149,0.18211920529801323
Figura 1.txt,3,FN,0.4863731656184486,0.6920529801324503,0.12159329140461216,0.17880794701986755
Figura 1.txt,3,FN,0.7222222222222222,0.3162251655629139,0.1488469601677149,0.16887417218543047
